model,idx,question,answer,contexts_preview,ground_truth_preview,manual_relevancy,notes
base_vietnamese_bi_encoder,1,"Tại sao sự minh mẫn, sáng suốt của người lập di chúc lại là yếu tố quyết định tính tự nguyện của di chúc?","Theo ngữ cảnh được cung cấp, sự minh mẫn, sáng suốt là yếu tố quyết định tính tự nguyện vì nó đảm bảo người lập di chúc không bị các yếu tố khách quan hay chủ quan tác động làm mất khả năng nhận thức hoặc kiểm soát ý chí của mình. Khi minh mẫn, sáng suốt, người lập di chúc mới có thể thể hiện được ý chí đích thực (nguyện vọng, mong muốn chủ quan bên trong) mà không bị lừa dối, đe dọa hoặc cưỡng ép bởi các chủ thể khác.","Chủ thể tham gia giao dịch dân sự hoàn toàn tự nguyện Sự tự nguyện của các bên là điều kiện quan trọng làm phát sinh hiệu lực của giao dịch dân sự. Theo đó, chủ thể tham gia gia... || Điều kiện có hiệu lực của di chúc a. Người lập di chúc phải có năng lực chủ thể trong việc lập di chúc Người thành niên là người từ đủ 18 tuổi trở lên, có năng lực hành vi dân s... || Chủ biên TS. Trần Thành Thọ Thực tiễn cho thấy rằng trong khi xây dựng và thực hiện pháp luật, các lực lượng cầm quyền đều phải tính đến yếu tố đạo đức xã hội để tạo cho pháp lu... || ... (+2 đoạn)","Điều kiện có hiệu lực của di chúc a. Người lập di chúc phải có năng lực chủ thể trong việc lập di chúc Người thành niên là người từ đủ 18 tuổi trở lên, có năng lực hành vi dân sự đầy đủ, không phân biệt nam, nữ, tôn giáo hay thành phần... Họ có toàn quyền trong việc lập di chúc để định đoạt tài sản của mình. Người từ đủ 15 tuổi đến chưa đủ 18 tuổi được lập di chúc nhưng di chúc đó phải được lập...",1.0,
base_vietnamese_bi_encoder,2,Tại sao sự thừa nhận và tác động của pháp luật đối với cùng một mối quan hệ xã hội lại khác nhau qua các giai đoạn lịch sử?,Sự thừa nhận và tác động của pháp luật đối với cùng một mối quan hệ xã hội khác nhau qua các giai đoạn lịch sử vì sự tồn tại của các quan hệ xã hội đó ảnh hưởng đến lợi ích của giai cấp thống trị ở mỗi thời kỳ là khác nhau.,"Khi xây dựng và ban hành pháp luật, giai cấp thống trị trong xã hội thông qua con đường nhà nước bao giờ cũng cân nhắc các loại quan hệ xã hội cần tác động tới bằng pháp luật nh... || Quan hệ giữa pháp luật với đạo đức Đạo đức là những quan niệm, quan điểm của con người (một cộng đồng người, một giai cấp), về cái thiện, cái ác, về sự công bằng, nghĩa vụ, danh... || Chẳng hạn, pháp luật tư sản ở thời kỳ đầu, sau thắng lợi của cách mạng tư sản đã thể hiện rõ nội dung tiến bộ so với pháp luật phong kiến và có tác dụng tích cực góp phần xóa bỏ... || ... (+2 đoạn)","Khi xây dựng và ban hành pháp luật, giai cấp thống trị trong xã hội thông qua con đường nhà nước bao giờ cũng cân nhắc các loại quan hệ xã hội cần tác động tới bằng pháp luật nhằm bảo vệ lợi ích giai cấp. Các giai đoạn phát triển khác nhau của lịch sử xã hội loài người cho thấy, cùng một mối quan hệ xã hội nhất định sự thừa nhận và tác động bằng pháp luật của nhà nước ở mỗi giai đoạn khác nhau ...",1.0,
base_vietnamese_bi_encoder,3,"Tại sao việc thực hiện quyền lực công ở các quốc gia lại cần đến đội ngũ công chức, viên chức?",Thông tin bạn hỏi không được đề cập trong ngữ cảnh được cung cấp.,"Các cơ quan quyền lực nhà nước (cơ quan đại diện) Hệ thống cơ quan này do nhân dân trực tiếp bầu ra và đại diện cho ý chí, nguyện vọng của nhân dân, thay mặt nhân dân thực hiện ... || Cụ thể là: Nếu chủ thể chỉ có năng lực pháp luật mà không có năng lực hành vi thì không thể tự mình thực hiện được các quyền và nghĩa vụ mà nhà nước đã thừa nhận, không thể tham... || Để nhân dân có thể làm chủ đất nước, nhà nước cần có những cơ chế nhằm đảm bảo cho người dân được tham gia vào các hoạt động chung của nhà nước như kiểm tra, giám sát của hoạt đ... || ... (+2 đoạn)","Quy tắc ứng xử, quy tắc đạo đức nghề nghiệp, việc chuyển đổi vị trí công tác của cán bộ, công chức, viên chức Quy tắc ứng xử là các chuẩn mực xử sự của cán bộ, công chức, viên chức trong thi hành nhiệm vụ, công vụ và trong quan hệ xã hội, bao gồm những việc phải làm hoặc không được làm, phù hợp với đặc thù công việc của từng nhóm cán bộ, công chức, viên chức và từng lĩnh vực hoạt động công vụ, ...",0.0,Từ chối trả lời dù câu hỏi rõ; không bám đề
base_vietnamese_bi_encoder,4,"Theo Bộ luật Dân sự 2015, quyền định đoạt tài sản được hiểu như thế nào?","Theo Điều 192 Bộ luật Dân sự 2015, quyền định đoạt là quyền chuyển giao quyền sở hữu tài sản, từ bỏ quyền sở hữu, tiêu dùng hoặc tiêu hủy tài sản. Đây là quyền năng của chủ thể để quyết định ""số phận"" của tài sản.","” Quyền sử dụng tài sản có thể được thực hiện bởi chủ sở hữu nhưng cũng có thể chuyển giao cho người khác theo thỏa thuận hoặc theo quy định của pháp luật. Chủ sở hữu được sử dụ... || Định đoạt số phận thực tế của tài sản là làm chấm dứt sự tồn tại vật chất của tài sản, như huỷ bỏ, tiêu dùng hết hoặc từ bỏ quyền sở hữu đối với vật. Định đoạt số phận pháp lý c... || Chủ biên TS. Trần Thành Thọ yêu cầu của người đưa hối lộ. Bộ luật Hình sự 2015 (sửa đổi, bổ sung năm 2017) đã mở rộng nội hàm của thuật ngữ “của hối lộ” bằng việc quy định về lợ... || ... (+2 đoạn)","” Quyền sử dụng tài sản có thể được thực hiện bởi chủ sở hữu nhưng cũng có thể chuyển giao cho người khác theo thỏa thuận hoặc theo quy định của pháp luật. Chủ sở hữu được sử dụng tài sản theo ý chí của mình nhưng không được gây thiệt hại hoặc làm ảnh hưởng đến lợi ích Quốc gia, dân tộc, lợi ích công cộng, quyền và lợi ích hợp pháp của người khác. Chủ biên TS. Trần Thành Thọ Người không phải là...",1.0,
base_vietnamese_bi_encoder,5,"Theo Điều 650 Bộ luật Dân sự 2015, những trường hợp nào dẫn đến việc áp dụng thừa kế theo pháp luật?","Theo Điều 650 Bộ luật Dân sự 2015, thừa kế theo pháp luật được áp dụng trong các trường hợp sau: 1. Không có di chúc. 2. Di chúc không hợp pháp. 3. Những người thừa kế theo di chúc chết trước hoặc chết cùng thời điểm với người lập di chúc; cơ quan, tổ chức được hưởng thừa kế theo di chúc không còn tồn tại vào thời điểm mở thừa kế. 4. Những người được chỉ định làm người thừa kế theo di chúc mà không có quyền hưởng di sản hoặc từ chối quyền nhận di sản. Ngoài ra, thừa kế theo pháp luật còn áp dụng đối với: * Phần di sản không được định đoạt trong di chúc. * Phần di sản có liên quan đến phần của di chúc không có hiệu lực pháp luật. * Phần di sản có liên quan đến người được thừa kế theo di chúc nhưng họ không có quyền hưởng di sản, từ chối nhận di sản, chết trước hoặc chết cùng thời điểm với người lập di chúc.","Những trường hợp thừa kế theo pháp luật Theo quy định tại Điều 650, BLDS 2015 thì thừa kế theo pháp luật được áp dụng trong các trường hợp sau đây: Không có di chúc; di chúc khô... || Chẳng hạn, việc giải quyết một vụ án hình sự cần phải tiến hành theo những quy định của pháp luật tố tụng Chủ biên TS. Trần Thành Thọ hình sự, việc giải quyết một vụ án dân sự c... || Những trường hợp cần áp dụng pháp luật Áp dụng pháp luật là hoạt động phức tạp, được tiến hành trong những trường hợp sau: Thứ nhất: Khi cần phải áp dụng chế tài pháp luật đối v... || ... (+2 đoạn)","Những trường hợp thừa kế theo pháp luật Theo quy định tại Điều 650, BLDS 2015 thì thừa kế theo pháp luật được áp dụng trong các trường hợp sau đây: Không có di chúc; di chúc không hợp pháp; những người thừa kế theo di chúc chết trước hoặc chết cùng thời điểm với người lập di chúc, cơ quan, tổ chức được hưởng thừa kế theo di chúc không còn tồn tại vào thời điểm mở thừa kế; những người được chỉ đ...",1.0,
base_vietnamese_bi_encoder,6,Tại sao việc đưa ra các điều kiện như giết người hoặc hủy hoại tài sản trong di chúc lại không được pháp luật công nhận?,"Vì đó là những điều kiện trái pháp luật, vi phạm các quy định về nội dung của di chúc.","Những người không được hưởng di sản Trong thực tế có một số trường hợp cá biệt người thừa kế đã vi phạm nghiêm trọng nghĩa vụ của mình, có những hành vi trái pháp luật hoặc trái... || Di tặng Điều 646, BLDS 2015 quy định: “Di tặng là việc người lập di chúc dành một phần di sản để tặng cho người khác”. Theo quy định của pháp luật, việc di tặng phải được ghi rõ... || Chẳng hạn, trong di chúc người lập di chúc không thể định đoạt vật mà Nhà nước cấm lưu thông, định đoạt tài sản cho những tổ chức phản động, đưa ra những điều kiện trái pháp luậ... || ... (+2 đoạn)","Chẳng hạn, trong di chúc người lập di chúc không thể định đoạt vật mà Nhà nước cấm lưu thông, định đoạt tài sản cho những tổ chức phản động, đưa ra những điều kiện trái pháp luật đối với người thừa kế (giết người, huỷ hoại tài sản, không được nuôi dưỡng, chăm sóc người mà người thừa kế có nghĩa vụ chăm sóc, nuôi dưỡng...). Chủ biên TS. Trần Thành Thọ d. Hình thức của di chúc không trái quy định...",1.0,
base_vietnamese_bi_encoder,7,"Khi thực hiện quyền đối với tài sản thuộc sở hữu riêng, chủ sở hữu cần tuân thủ những giới hạn pháp lý nào để đảm bảo lợi ích chung?","Khi thực hiện quyền đối với tài sản thuộc sở hữu riêng, chủ sở hữu không được gây thiệt hại hoặc làm ảnh hưởng đến: - Lợi ích quốc gia, dân tộc. - Lợi ích công cộng. - Quyền và lợi ích hợp pháp của người khác.","Chủ sở hữu có quyền chiếm hữu, sử dụng, định đoạt tài sản thuộc sở hữu riêng của mình nhưng không được gây thiệt hại hoặc làm ảnh hưởng đến lợi ích quốc gia, dân tộc, lợi ích cô... || Các hình thức sở hữu Mục 2, chương XI, Bộ luật Dân sự 2015 quy định ba hình thức sở hữu: sở hữu toàn dân, sở hữu riêng và sở hữu chung. a. Sở hữu toàn dân Theo quy định tại điều... || Những sự kiện pháp lý này chính là những căn cứ xác lập quyền sở hữu đối với tài sản của chủ thể. - Theo nghĩa rộng, quyền sở hữu được hiểu là tổng hợp các quy phạm pháp luật do... || ... (+2 đoạn)","Chủ sở hữu có quyền chiếm hữu, sử dụng, định đoạt tài sản thuộc sở hữu riêng của mình nhưng không được gây thiệt hại hoặc làm ảnh hưởng đến lợi ích quốc gia, dân tộc, lợi ích công cộng, quyền và lợi ích hợp pháp của người khác. c. Sở hữu chung Hình thức sở hữu chung được quy định từ Điều 207 đến Điều 220 Bộ luật Dân sự 2015, theo đó, sở hữu chung là sở hữu của nhiều chủ thể đối với tài sản, tài...",1.0,
base_vietnamese_bi_encoder,8,Thế nào là sự tấn công hiện hữu trong phòng vệ chính đáng?,Sự tấn công hiện hữu trong phòng vệ chính đáng là hành vi tấn công đang xảy ra hoặc đe dọa xảy ra ngay tức khắc.,"Phòng vệ chính đáng Theo quy định tại Khoản 1 Điều 22 BLHS 2015: Phòng vệ chính đáng là hành vi của người vì bảo vệ lợi ích của Nhà nước, của tổ chức, bảo vệ quyền, lợi ích chín... || + Sự tấn công phải đang hiện hữu, nghĩa là hành vi tấn công phải đang xảy ra hoặc đe dọa xảy ra ngay tức khắc. - Thứ hai, mục đích phòng vệ là nhằm gạt bỏ sự tấn công, nghĩa là ... || Nhà nước phong kiến ra đời thực hiện một số chức năng cụ thể như bảo vệ và phát triển chế độ sở hữu phong kiến; thực hiện sự đàn áp đối với giai cấp nông dân và các tầng lớp khá... || ... (+2 đoạn)","+ Sự tấn công phải đang hiện hữu, nghĩa là hành vi tấn công phải đang xảy ra hoặc đe dọa xảy ra ngay tức khắc. - Thứ hai, mục đích phòng vệ là nhằm gạt bỏ sự tấn công, nghĩa là hành vi phòng vệ phải nhằm vào chính người đang có hành vi tấn công. Chủ biên TS. Trần Thành Thọ - Thứ ba, về phạm vi phòng vệ, sự phòng vệ phải trong giới hạn cần thiết để ngăn chặn sự tấn công. Sự cần thiết của hành vi...",1.0,
base_vietnamese_bi_encoder,9,Mối quan hệ giữa Mặt trận Tổ quốc Việt Nam và Đảng Cộng sản Việt Nam được thể hiện như thế nào?,"Mặt trận Tổ quốc Việt Nam là tổ chức liên minh chính trị, liên hiệp tự nguyện của các tổ chức chính trị, tổ chức chính trị - xã hội, tổ chức xã hội và các cá nhân tiêu biểu, hoạt động dưới sự lãnh đạo của Đảng.","Mặc dù đất nước ta đã hoàn toàn được giải phóng, nhưng công cuộc xây dựng xã hội chủ nghĩa của nước ta vẫn luôn phải đối mặt với nhiều thế lực thù địch, chống đối cách mạng và c... || Vị thế của pháp luật Việt Nam đã và đang được củng cố, phát huy trong các lĩnh vực khác nhau của đời sống xã hội, đáp ứng nhu cầu ngày càng cao của xã hội trở thành công cụ duy ... || 36 Nguyễn Quốc Văn - Vũ Công Giao, Sách chuyên khảo, Phát huy vai trò của xã hội trong phòng chống tham nhũng, Nxb. Hồng Đức, Hà Nội, 2017, trang 16 Chủ biên TS. Trần Thành Thọ ... || ... (+2 đoạn)","36 Nguyễn Quốc Văn - Vũ Công Giao, Sách chuyên khảo, Phát huy vai trò của xã hội trong phòng chống tham nhũng, Nxb. Hồng Đức, Hà Nội, 2017, trang 16 Chủ biên TS. Trần Thành Thọ Các chủ thể xã hội có vai trò và trách nhiệm quan trọng đối với công tác phòng, chống tham nhũng, điều đó thể hiện ở các nội dung cơ bản sau: - Trách nhiệm của Mặt trận Tổ quốc Việt Nam và các thành viên trong công tác p...",1.0,
base_vietnamese_bi_encoder,10,Mối quan hệ giữa các khả năng thực hiện quyền chủ thể được quy định như thế nào?,"Dựa trên ngữ cảnh được cung cấp, mối quan hệ giữa các khả năng thực hiện quyền chủ thể được quy định như sau: * **Sự gắn kết giữa quyền và nghĩa vụ:** Quyền và nghĩa vụ pháp lý có mối liên hệ mật thiết với nhau; tương ứng với quyền được thụ hưởng, chủ thể phải thực hiện các nghĩa vụ pháp lý nhất định. * **Khả năng thực hiện:** Chủ thể có khả năng thực hiện các quyền và nghĩa vụ thông qua các hành vi thực hiện pháp luật của mình. * **Trường hợp đặc biệt:** Đối với chủ thể bị mất, không có hoặc bị hạn chế năng lực hành vi, việc thực hiện các quyền và nghĩa vụ pháp lý phải được tiến hành thông qua hành vi của chủ thể khác (người đại diện, người giám hộ, người được ủy quyền...). * **Đối với pháp nhân:** Mọi hoạt động (thực hiện quyền và nghĩa vụ) của pháp nhân được tiến hành thông qua hành vi của các cá nhân là người đại diện, nhân danh pháp nhân để tạo ra quyền và nghĩa vụ cho pháp nhân đó.","Tuy nhiên trên thực tế, không phải mọi chủ thể của quan hệ pháp luật cũng đều có thể chủ động trực tiếp tham gia quan hệ pháp luật và tự mình thực hiện các quyền và nghĩa vụ mà ... || Chủ thể tham gia vào quan hệ xã hội nói trên đều biết được những việc được làm, không được làm, những việc cần phải làm theo yêu cầu của pháp luật trong những điều kiện, hoàn cả... || Năng lực chủ thể của pháp nhân Cũng như chủ thể là cá nhân, pháp nhân tham gia vào các quan hệ pháp luật phải có đủ năng lực chủ thể. Tuy nhiên, khác với năng lực chủ thể của cá... || ... (+2 đoạn)","Ví dụ: Pháp luật quy định cá nhân có quyền tự do ký kết hợp đồng, có quyền khiếu nại, có quyền tự do ngôn luận. + Khả năng yêu cầu các chủ thể khác chấm dứt các hành động cản trở nó thực hiện các quyền và nghĩa vụ hoặc yêu cầu tôn trọng các nghĩa vụ tương ứng phát sinh từ quyền và nghĩa vụ này. Ví dụ: Chủ sở hữu có quyền yêu cầu chấm dứt cản trở trái pháp luật đối với việc thực hiện quyền tài s...",0.5,"Lan sang quyền/nghĩa vụ chung, chưa trả đúng mối quan hệ các khả năng thực hiện quyền"
base_vietnamese_bi_encoder,11,Nguyên tắc áp dụng hình phạt chính và hình phạt bổ sung đối với một tội phạm được quy định như thế nào?,"Đối với mỗi tội phạm, người phạm tội (cá nhân hoặc pháp nhân thương mại) chỉ bị áp dụng một hình phạt chính và có thể bị áp dụng một hoặc một số hình phạt bổ sung.","Hình phạt áp dụng đối với cá nhân phạm tội bao gồm hình phạt chính như cảnh cáo, phạt tiền, cải tạo không giam giữ, trục xuất, tù có thời hạn, tù chung thân và tử hình. Các hình... || Các hình phạt đối với pháp nhân thương mại phạm tội Các hình phạt đối với pháp nhân thương mại phạm tội cũng bao gồm hình phạt chính và hình phạt bổ sung. Đối với mỗi tội phạm, ... || Các hình phạt đối với cá nhân người phạm tội Các hình phạt đối với cá nhân người phạm tội gồm hình phạt chính và hình phạt bổ sung. Nguyên tắc cơ bản của việc áp dụng các hình p... || ... (+2 đoạn)","Các hình phạt đối với cá nhân người phạm tội Các hình phạt đối với cá nhân người phạm tội gồm hình phạt chính và hình phạt bổ sung. Nguyên tắc cơ bản của việc áp dụng các hình phạt đối với cá nhân người phạm tội là: Đối với mỗi tội phạm, người phạm tội chỉ bị áp dụng một hình phạt chính và có thể bị áp dụng một hoặc một số hình phạt bổ sung. a. Các hình phạt chính bao gồm: Cảnh cáo; Phạt tiền; ...",1.0,
base_vietnamese_bi_encoder,12,Nguyên tắc phân hóa trách nhiệm hình sự đòi hỏi việc xác định tội phạm và hình phạt phải dựa trên những yếu tố nào?,"Theo nguyên tắc phân hóa trách nhiệm hình sự, việc xác định tội phạm và hình phạt phải dựa trên các yếu tố sau: * Mức độ gây nguy hiểm cho xã hội của tội phạm gây ra. * Nhân thân của chủ thể phạm tội. * Hoàn cảnh của chủ thể phạm tội.","7.1.2.5 Nguyên tắc phân hóa trách nhiệm hình sự Chức năng trừng phạt và giáo dục của luật hình sự chỉ có thể thành hiện thực khi trách nhiệm hình sự được xác định đúng cho từng ... || Nhiệm vụ của luật hình sự là truy cứu trách nhiệm hình sự đối với tội phạm, qua đó áp dụng hình phạt cho chủ thể tội phạm, vừa nhằm trừng trị người có hành vi nguy hiểm cho xã h... || 2015 đã cho thấy rõ sự quán triệt yêu cầu này trong việc quy định và áp dụng hình phạt ở nước ta. Ngoài ra, Khoản 1 Điều 50 BLHS 2015 cũng khẳng định: “Khi quyết định hình phạt,... || ... (+2 đoạn)","7.1.2.5 Nguyên tắc phân hóa trách nhiệm hình sự Chức năng trừng phạt và giáo dục của luật hình sự chỉ có thể thành hiện thực khi trách nhiệm hình sự được xác định đúng cho từng chủ thể phạm tội. Nguyên tắc phân hóa trách nhiệm hình sự, vì vậy là một trong những nguyên tắc đặc thù của ngành Luật Hình sự. Theo đó việc xác định tội phạm và hình phạt áp dụng cho chủ thể phạm tội phải tương xứng với...",1.0,
base_vietnamese_bi_encoder,13,Mối quan hệ giữa việc phản ánh hành vi tham nhũng của công dân với Ban thanh tra nhân dân và cơ quan nhà nước là gì?,"Công dân phản ánh hành vi tham nhũng với Ban thanh tra nhân dân hoặc tổ chức mà mình là thành viên. Sau đó, Ban thanh tra nhân dân hoặc tổ chức đó có trách nhiệm kiến nghị với cơ quan nhà nước có thẩm quyền để xem xét, giải quyết theo quy định của pháp luật. Việc phản ánh này phải đảm bảo tính khách quan và trung thực.","2012) mỗi công dân đều có trách nhiệm: - Chấp hành nghiêm chỉnh pháp luật về phòng, chống tham nhũng. - Lên án, đấu tranh với những người có hành vi tham nhũng. - Phản ánh với B... || 31 Thanh tra Chính phủ, Tài liệu bồi dưỡng về phòng, chống tham nhũng dành cho giáo viên các trường đại học, cao đẳng, trung cấp. Nguồn đã dẫn Chủ biên TS. Trần Thành Thọ thực h... || 35 Viện nghiên cứu lập pháp - Quỹ Rosa Luxemburg (CHLB Đức), Pháp luật về phòng, chống tham nhũng những vấn đề lý luận và thực tiễn, Nxb. Tư pháp, Hà Nội 2018, trang 274 - 275. ... || ... (+2 đoạn)","2012) mỗi công dân đều có trách nhiệm: - Chấp hành nghiêm chỉnh pháp luật về phòng, chống tham nhũng. - Lên án, đấu tranh với những người có hành vi tham nhũng. - Phản ánh với Ban thanh tra nhân dân, tổ chức mà mình là thành viên về hành vi tham nhũng, vụ việc tham nhũng để Ban thanh tra nhân dân, tổ chức đó kiến nghị với cơ quan nhà nước có thẩm quyền xem xét, giải quyết theo quy định của pháp...",1.0,
base_vietnamese_bi_encoder,14,Nhũng nhiễu vì vụ lợi được định nghĩa là gì trong hoạt động của cơ quan công quyền?,"Nhũng nhiễu vì vụ lợi là hành vi lợi dụng sự phức tạp, rườm rà, chưa rõ ràng của các trình tự, thủ tục hành chính để gây khó khăn, phiền hà cho công dân và doanh nghiệp. Mục đích của hành vi này là buộc họ phải đưa quà, tiền, nộp các khoản chi phí ngoài quy định hoặc thực hiện các hành vi khác vì lợi ích của người nhũng nhiễu. Thực chất, đây là hình thức ép buộc đưa hối lộ được che đậy tinh vi.","Tình trạng này có ở hầu hết các cấp, từ trung ương đến địa phương và cần phải được ngăn chặn kịp thời. * Nhũng nhiễu vì vụ lợi: Nhũng nhiễu vì vụ lợi là hành vi thường xuất hiện... || * Lợi dụng chức vụ, quyền hạn để bao che cho người có hành vi vi phạm pháp luật vì vụ lợi; cản trở, can thiệp trái pháp luật vào việc kiểm tra, thanh tra, kiểm toán, điều tra, t... || * Lợi dụng chức vụ, quyền hạn gây ảnh hưởng với người khác để trục lợi: Lợi dụng chức vụ, quyền hạn gây ảnh hưởng với người khác để trục lợi là hành vi của người có chức vụ, quy... || ... (+2 đoạn)","Tình trạng này có ở hầu hết các cấp, từ trung ương đến địa phương và cần phải được ngăn chặn kịp thời. * Nhũng nhiễu vì vụ lợi: Nhũng nhiễu vì vụ lợi là hành vi thường xuất hiện trong hoạt động của một số cơ quan công quyền, nhất là tại các cơ quan quản lý hành Chủ biên TS. Trần Thành Thọ chính nhà nước, nơi trực tiếp giải quyết công việc của công dân và doanh nghiệp. Sự phức tạp, rườm rà, chưa...",1.0,
base_vietnamese_bi_encoder,15,"Nếu một điều luật mới quy định về việc xóa án tích theo hướng bất lợi hơn, liệu nó có được áp dụng cho tội phạm đã thực hiện trước đó không?","Không. Theo đoạn 2 của ngữ cảnh, điều luật quy định về việc xóa án tích không có lợi cho người phạm tội thì không được áp dụng đối với hành vi phạm tội đã thực hiện trước khi điều luật đó có hiệu lực thi hành.","Pháp luật nước ta hiện nay quy định chỉ các văn bản quy phạm pháp luật do các cơ quan trung ương ban hành mới được quy định hồi tố và mục đích quy định hồi tố nhằm đảm bảo lợi í... || Điều luật quy định một tội phạm mới, một hình phạt nặng hơn, một tình tiết tăng nặng mới hoặc hạn chế phạm vi áp dụng án treo, miễn trách nhiệm hình sự, loại trừ trách nhiệm hìn... || Điều luật xóa bỏ một tội phạm, một hình phạt, một tình tiết tăng nặng, quy định một hình phạt nhẹ hơn, một tình tiết giảm nhẹ mới hoặc mở rộng phạm vi áp dụng án treo, miễn trác... || ... (+2 đoạn)","Điều luật quy định một tội phạm mới, một hình phạt nặng hơn, một tình tiết tăng nặng mới hoặc hạn chế phạm vi áp dụng án treo, miễn trách nhiệm hình sự, loại trừ trách nhiệm hình sự, miễn hình phạt, giảm hình phạt, xóa án tích và quy định khác không có lợi cho người phạm tội, thì không được áp dụng đối với hành vi phạm tội đã thực hiện trước khi điều luật đó có hiệu lực thi hành.",1.0,
base_vietnamese_bi_encoder,16,Việc xác định các giai đoạn thực hiện tội phạm có ý nghĩa gì đối với công tác xét xử và định tội danh?,"Dựa trên ngữ cảnh được cung cấp, việc xác định các giai đoạn thực hiện tội phạm có ý nghĩa là: * Làm cơ sở cho việc xác định phạm vi và mức độ trách nhiệm hình sự. * Làm cơ sở cho việc xác định hình phạt.","Các giai đoạn thực hiện tội phạm Các giai đoạn thực hiện tội phạm là các bước của quá trình thực hiện tội phạm với lỗi cố ý, được phân biệt với nhau bởi các dấu hiệu, biển hiện ... || Điều luật xóa bỏ một tội phạm, một hình phạt, một tình tiết tăng nặng, quy định một hình phạt nhẹ hơn, một tình tiết giảm nhẹ mới hoặc mở rộng phạm vi áp dụng án treo, miễn trác... || 2014) đều khẳng định Tòa án “là cơ quan xét xử của nước CHXHCN Việt Nam” và “nhân danh nước CHXHCN Việt Nam xét xử các vụ án hình sự”. Thông qua hoạt động xét xử, Tòa án xác địn... || ... (+2 đoạn)","Các giai đoạn thực hiện tội phạm Các giai đoạn thực hiện tội phạm là các bước của quá trình thực hiện tội phạm với lỗi cố ý, được phân biệt với nhau bởi các dấu hiệu, biển hiện nhằm đánh giá sự diễn biến mức độ thực hiện ý định phạm tội, làm cơ sở cho việc xác định phạm vi và mức độ trách nhiệm hình sự và hình phạt. Quá trình thực hiện tội phạm có ba giai đoạn: giai đoạn chuẩn bị phạm tội, giai...",1.0,
base_vietnamese_bi_encoder,17,"Người có chức vụ, quyền hạn có trách nhiệm gì đối với tài sản của mình theo quy định của pháp luật?","Theo ngữ cảnh được cung cấp, người có chức vụ, quyền hạn có trách nhiệm kê khai tài sản theo quy định của pháp luật và chịu trách nhiệm về tính chính xác, trung thực của việc kê khai đó.","- Người có chức vụ, quyền hạn có trách nhiệm: + Thực hiện nhiệm vụ, công vụ đúng quy định của pháp luật; + Gương mẫu, liêm khiết; chấp hành nghiêm chỉnh quy định của pháp luật v... || - Hạn chế năng lực hành vi dân sự: Người nghiện ma túy, nghiện các chất kích thích khác dẫn đến phá tán tài sản của gia đình thì theo yêu cầu của người có quyền, lợi ích liên qu... || ” Quyền sử dụng tài sản có thể được thực hiện bởi chủ sở hữu nhưng cũng có thể chuyển giao cho người khác theo thỏa thuận hoặc theo quy định của pháp luật. Chủ sở hữu được sử dụ... || ... (+2 đoạn)","- Người có chức vụ, quyền hạn có trách nhiệm: + Thực hiện nhiệm vụ, công vụ đúng quy định của pháp luật; + Gương mẫu, liêm khiết; chấp hành nghiêm chỉnh quy định của pháp luật về phòng, chống tham nhũng, quy tắc ứng xử, quy tắc đạo đức nghề nghiệp; + Kê khai tài sản theo quy định của pháp luật và chịu trách nhiệm về tính chính xác, trung thực của việc kê khai đó. Đối với các cơ quan thanh tra, ...",1.0,
base_vietnamese_bi_encoder,18,Hệ quả pháp lý đối với một bên trong quan hệ dân sự khi không thực hiện hoặc thực hiện không đúng nghĩa vụ đã cam kết là gì?,"Hệ quả pháp lý là bên đó phải chịu trách nhiệm dân sự, đóng vai trò như một chế tài nhằm hướng các bên phải nghiêm chỉnh thực hiện nghĩa vụ và tự chịu trách nhiệm về việc không thực hiện hoặc thực hiện không đúng nghĩa vụ của mình.","Vì vậy, việc quy định trách nhiệm dân sự đối với các bên sẽ tạo ra một chế tài áp dụng nhằm hướng các bên trong quan hệ dân sự phải nghiêm chỉnh thực hiện nghĩa vụ dân sự của mì... || Khái niệm về sự kiện pháp lý Một quan hệ xã hội chỉ có thể trở thành quan hệ pháp luật khi quan hệ này có các quy phạm pháp luật điều chỉnh và các bên tham gia quan hệ là những ... || Tuy nhiên trên thực tế, không phải mọi chủ thể của quan hệ pháp luật cũng đều có thể chủ động trực tiếp tham gia quan hệ pháp luật và tự mình thực hiện các quyền và nghĩa vụ mà ... || ... (+2 đoạn)","Chủ biên TS. Trần Thành Thọ Trong quan hệ dân sự, việc hòa giải giữa các bên phù hợp với quy định của pháp luật được khuyến khích. Không bên nào được dùng vũ lực hoặc đe dọa dùng vũ lực khi tham gia quan hệ dân sự và giải quyết các tranh chấp dân sự. Nội dung này đã trở thành nguyên tắc được quy định tại Điều 7 BLDS năm 2015. - Quy định trách nhiệm dân sự cho các bên. Phần lớn trong các quan hệ...",1.0,
base_vietnamese_bi_encoder,19,Hình phạt cải tạo không giam giữ được áp dụng trong khoảng thời gian bao lâu theo Điều 36 BLHS 2015?,"Theo Điều 36 BLHS 2015, hình phạt cải tạo không giam giữ được áp dụng từ 06 tháng đến 03 năm.","2015 quy định; + Người phạm tội rất nghiêm trọng xâm phạm trật tự quản lý kinh tế, môi trường, trật tự công cộng, an toàn công cộng và một số tội phạm khác do BLHS 2015 quy định... || Hình phạt này chỉ áp dụng đối với người phạm tội đặc biệt nghiêm trọng thuộc một trong nhóm các tội xâm phạm an ninh quốc gia, xâm phạm tính mạng con người, các tội phạm về ma t... || Điều này được thể hiện rõ trong nội dung của khái niệm về hình phạt được quy định tại Điều 30, BLHS 2015: “Hình phạt... do Tòa án quyết định áp dụng đối với người hoặc pháp nhân... || ... (+2 đoạn)","2015 quy định; + Người phạm tội rất nghiêm trọng xâm phạm trật tự quản lý kinh tế, môi trường, trật tự công cộng, an toàn công cộng và một số tội phạm khác do BLHS 2015 quy định. Mức tiền phạt được quyết định căn cứ vào tính chất và mức độ nguy hiểm của tội phạm, đồng thời có xét đến tình hình tài sản của người phạm tội, sự biến động của giá cả, nhưng không được thấp hơn 1.000.000 đồng. Cải tạo...",1.0,
base_vietnamese_bi_encoder,20,Việc đảm bảo bình đẳng về địa vị pháp lý trong Luật Dân sự có ý nghĩa gì đối với các chủ thể tham gia?,"Dựa trên ngữ cảnh được cung cấp, việc đảm bảo bình đẳng về địa vị pháp lý trong Luật Dân sự là cơ sở để các chủ thể tham gia vào các quan hệ dân sự với tư cách độc lập, đồng thời xác định các chuẩn mực pháp lý cho cách ứng xử, quyền và nghĩa vụ của họ về nhân thân và tài sản.","Điều này được thể hiện sâu sắc tại các Điều 58, 59, 60 và 61 Hiến pháp năm 2013, trong đó nhấn mạnh sự nghiệp bảo vệ, chăm sóc sức khỏe cho nhân dân, các chính sách ưu đãi đối v... || Pháp luật chứa đựng, thể hiện ý chí và bảo vệ lợi ích của tuyệt đại Chủ biên TS. Trần Thành Thọ đa số nhân dân trong xã hội. 26 Đồng thời, cũng là công cụ hiệu quả để nhà nước t... || ĐỐI TƯỢNG VÀ PHƯƠNG PHÁP ĐIỀU CHỈNH CỦA LUẬT DÂN SỰ Luật Dân sự là một ngành luật độc lập trong hệ thống pháp luật Việt Nam, tổng hợp các quy phạm pháp luật quy định địa vị pháp... || ... (+2 đoạn)","Phương pháp điều chỉnh của Luật Dân sự Phương pháp điều chỉnh của Luật Dân sự là cách thức, biện pháp mà nhà nước tác động đến quan hệ tài sản và quan hệ nhân thân làm cho các quan hệ này phát sinh, thay đổi, chấm dứt theo ý chí của nhà nước phù hợp với lợi ích của Nhà nước, xã hội và cá nhân. Mỗi ngành luật điều chỉnh những nhóm quan hệ xã hội khác nhau, vì vậy phương pháp nhà nước sử dụng để ...",1.0,
base_vietnamese_bi_encoder,21,Tại sao không thể xác định năng lực hành vi của một chủ thể nếu chủ thể đó không có năng lực pháp luật?,"Vì nếu không có năng lực pháp luật, chủ thể đó không có khả năng tham gia quan hệ pháp luật để trở thành một bên của quan hệ đó.","Cụ thể là: Nếu chủ thể chỉ có năng lực pháp luật mà không có năng lực hành vi thì không thể tự mình thực hiện được các quyền và nghĩa vụ mà nhà nước đã thừa nhận, không thể tham... || Năng lực chủ thể của pháp nhân Cũng như chủ thể là cá nhân, pháp nhân tham gia vào các quan hệ pháp luật phải có đủ năng lực chủ thể. Tuy nhiên, khác với năng lực chủ thể của cá... || Chủ biên TS. Trần Thành Thọ Trên thực tế vẫn có những hành vi trái pháp luật được thực hiện do những điều kiện và hoàn cảnh khách quan, như trường hợp bất khả kháng hay sự kiện ... || ... (+2 đoạn)","Cụ thể là: Nếu chủ thể chỉ có năng lực pháp luật mà không có năng lực hành vi thì không thể tự mình thực hiện được các quyền và nghĩa vụ mà nhà nước đã thừa nhận, không thể tham gia tích cực vào các quan hệ pháp luật bằng chính hành vi của mình. Mặt khác, không thể xác định năng lực hành vi của chủ thể khi chủ thể này không có năng lực pháp luật, tức là nếu không có năng lực pháp luật thì không...",1.0,
base_vietnamese_bi_encoder,22,Tại sao việc chỉ dựa vào tài sản thu hồi được để đánh giá lợi ích của hành vi tham nhũng là chưa đầy đủ?,"Việc chỉ dựa vào tài sản thu hồi được để đánh giá lợi ích của hành vi tham nhũng là chưa đầy đủ vì: - Lợi ích mà chủ thể tham nhũng đạt được rất đa dạng, bao gồm cả lợi ích vật chất và phi vật chất. - Lợi ích vật chất và phi vật chất thường đan xen, khó phân biệt rạch ròi. - Hậu quả vật chất không phải là dấu hiệu bắt buộc trong mọi trường hợp của hành vi tham nhũng.","Lợi ích vật chất hoặc phi vật chất mà chủ thể tham nhũng đạt được rất đa dạng. Nếu chỉ dựa vào tài sản phát hiện được hoặc thu hồi được để đánh giá lợi ích mà chủ thể thực hiện ... || Nhiều vụ tham nhũng lớn, nghiêm trọng đã bị phát hiện và xử lý với giá trị tài sản bị thiệt hại, bị thất thoát do tham nhũng lên tới hàng chục, hàng trăm, thậm chí là hàng ngàn ... || Một người có chức vụ, quyền hạn lợi dụng chức vụ, quyền hạn nhưng không nhằm mục đích vụ lợi thì hành vi đó có thể cấu thành hành vi vi phạm pháp luật khác mà không phải là tham... || ... (+2 đoạn)","Lợi ích vật chất hoặc phi vật chất mà chủ thể tham nhũng đạt được rất đa dạng. Nếu chỉ dựa vào tài sản phát hiện được hoặc thu hồi được để đánh giá lợi ích mà chủ thể thực hiện hành vi tham nhũng đạt được thì sẽ không đầy đủ. Hơn thế nữa, lợi ích vật chất và lợi ích phi vật chất nhiều lúc đan xen rất khó phân biệt rạch ròi nên đối với hành vi tham nhũng, hậu quả vật chất không phải trường hợp n...",1.0,
base_vietnamese_bi_encoder,23,"So với hình phạt, các biện pháp tư pháp trong Luật Hình sự Việt Nam có đặc điểm gì về mức độ nghiêm khắc?","So với hình phạt, các biện pháp tư pháp trong Luật Hình sự Việt Nam được xem là những biện pháp cưỡng chế ít nghiêm khắc hơn.","Các biện pháp tư pháp trong Luật Hình sự Việt Nam Các biện pháp tư pháp được quy định trong Bộ luật Hình sự bao gồm những biện pháp cưỡng chế của nhà nước được các cơ quan tiến ... || Bên cạnh những nội dung pháp lý cơ bản đó, Luật Hình sự còn quy định các nội dung liên quan đến cơ sở và điều kiện của trách nhiệm hình sự cũng như các chế định pháp luật hình s... || Chỉ pháp nhân thương mại nào phạm một tội đã được quy định tại Điều 76 của Bộ luật này mới phải chịu trách nhiệm hình sự”. Đối với các cơ quan nhà nước (các cơ quan tư pháp hình... || ... (+2 đoạn)",Các biện pháp tư pháp trong Luật Hình sự Việt Nam Các biện pháp tư pháp được quy định trong Bộ luật Hình sự bao gồm những biện pháp cưỡng chế của nhà nước được các cơ quan tiến hành tố tụng áp dụng đối với chủ thể phạm tội hoặc người thực hiện hành vi nguy hiểm cho xã hội nhằm ngăn ngừa họ tiếp tục phạm tội hoặc gây nguy hiểm cho xã hội và giáo dục họ trở thành những công dân có ích cho xã hội....,1.0,
base_vietnamese_bi_encoder,24,Việc sở hữu năng lực hành vi mang lại ý nghĩa gì cho các chủ thể trong quan hệ pháp luật?,"Việc sở hữu năng lực hành vi cho phép các chủ thể chủ động tham gia vào các quan hệ pháp luật, tự mình xác lập và thực hiện các quyền và nghĩa vụ pháp lý trên thực tế bằng chính hành vi của mình.","Khả năng này được xác định trên 2 phương diện: Năng lực pháp luật và năng lực hành vi. Năng lực pháp luật: là khả năng của cá nhân hoặc tổ chức được nhà nước thừa nhận theo đó h... || Chủ thể của quan hệ pháp luật hành chính Chủ thể của quan hệ pháp luật hành chính là các cơ quan, tổ chức, cá nhân có năng lực chủ thể tham gia vào quan hệ pháp luật hành chính,... || Tuy nhiên trên thực tế, không phải mọi chủ thể của quan hệ pháp luật cũng đều có thể chủ động trực tiếp tham gia quan hệ pháp luật và tự mình thực hiện các quyền và nghĩa vụ mà ... || ... (+2 đoạn)",Khả năng này được xác định trên 2 phương diện: Năng lực pháp luật và năng lực hành vi. Năng lực pháp luật: là khả năng của cá nhân hoặc tổ chức được nhà nước thừa nhận theo đó họ có thể tham gia quan hệ pháp luật để được hưởng quyền hoặc phải mang nghĩa vụ pháp lý nhất định. Năng lực hành vi: là khả năng của cá nhân hoặc tổ chức được nhà nước thừa nhận theo đó các chủ thể này được tham gia vào ...,1.0,
base_vietnamese_bi_encoder,25,"Theo Điều 646 Bộ luật Dân sự 2015, di tặng được định nghĩa như thế nào?","Theo Điều 646 Bộ luật Dân sự 2015, di tặng là việc người lập di chúc dành một phần di sản để tặng cho người khác.","Di tặng Điều 646, BLDS 2015 quy định: “Di tặng là việc người lập di chúc dành một phần di sản để tặng cho người khác”. Theo quy định của pháp luật, việc di tặng phải được ghi rõ... || Chẳng hạn, trong di chúc người lập di chúc không thể định đoạt vật mà Nhà nước cấm lưu thông, định đoạt tài sản cho những tổ chức phản động, đưa ra những điều kiện trái pháp luậ... || Những người không được hưởng di sản Trong thực tế có một số trường hợp cá biệt người thừa kế đã vi phạm nghiêm trọng nghĩa vụ của mình, có những hành vi trái pháp luật hoặc trái... || ... (+2 đoạn)","Di tặng Điều 646, BLDS 2015 quy định: “Di tặng là việc người lập di chúc dành một phần di sản để tặng cho người khác”. Theo quy định của pháp luật, việc di tặng phải được ghi rõ trong di chúc, nếu không ghi rõ thì sẽ được hiểu là thừa kế theo di chúc. Người được di tặng không phải thực hiện nghĩa vụ tài sản đối với phần được di tặng, trừ trường hợp toàn bộ di sản không đủ để thanh toán nghĩa vụ...",1.0,
base_vietnamese_bi_encoder,26,"Việc công khai, minh bạch trong hoạt động của cơ quan nhà nước có tác động như thế nào đến ý thức thực thi công vụ của cán bộ, công chức?","Việc công khai, minh bạch giúp cán bộ, công chức nhà nước có ý thức hơn trong việc thực hiện chức trách, công vụ theo đúng trình tự, thủ tục và thẩm quyền pháp luật quy định. Điều này xuất phát từ việc mọi hành vi vi phạm, phiền hà, sách nhiễu hoặc lợi dụng chức trách để tư lợi đều có thể dễ dàng bị phát hiện và xử lý.","Công khai, minh bạch trong hoạt động của cơ quan, tổ chức, đơn vị Đây là biện pháp quan trọng để ngăn ngừa tham nhũng. Công khai, minh bạch sẽ tạo điều kiện để người dân cũng nh... || Cơ quan, tổ chức, đơn vị có trách nhiệm hướng dẫn trình tự, thủ tục giải quyết công việc để cơ quan, tổ chức, đơn vị, cá nhân chủ động thực hiện mà không phải trực tiếp tiếp xúc... || Pháp luật do chính nhà nước ban hành và bảo đảm thực hiện nên nó phải mang tính quyền lực nhà nước, cụ thể: - Hoạt động áp dụng pháp luật do những chủ thể có thẩm quyền tiến hàn... || ... (+2 đoạn)","Công khai, minh bạch trong hoạt động của cơ quan, tổ chức, đơn vị Đây là biện pháp quan trọng để ngăn ngừa tham nhũng. Công khai, minh bạch sẽ tạo điều kiện để người dân cũng như toàn xã hội tham gia giám sát hoạt động của các cơ quan nhà nước. Với việc công khai minh bạch trong hoạt động tại các cơ quan nhà nước, người dân sẽ dễ dàng nhận biết được các quy trình làm việc, các thủ tục giấy tờ c...",1.0,
base_vietnamese_bi_encoder,27,Yếu tố nào quyết định việc một sự kiện thực tế được thừa nhận là sự kiện pháp lý?,Việc thừa nhận một sự kiện thực tế là sự kiện pháp lý phụ thuộc vào ý chí nhà nước và các điều kiện khách quan khác của đời sống kinh tế - xã hội.,"Tuy nhiên, những sự kiện pháp lý phải là những sự kiện thực tế đã được pháp luật ghi nhận có giá trị về mặt pháp lý đối với sự xuất hiện, thay đổi hoặc chấm dứt của các quan hệ ... || Khái niệm về sự kiện pháp lý Một quan hệ xã hội chỉ có thể trở thành quan hệ pháp luật khi quan hệ này có các quy phạm pháp luật điều chỉnh và các bên tham gia quan hệ là những ... || Phân loại sự kiện pháp lý Tùy thuộc vào cách phân loại, sự kiện pháp lý có thể bao gồm nhiều loại khác nhau. Cụ thể: * Căn cứ vào tiêu chuẩn ý chí, sự kiện pháp lý được phân thà... || ... (+2 đoạn)","Tuy nhiên, những sự kiện pháp lý phải là những sự kiện thực tế đã được pháp luật ghi nhận có giá trị về mặt pháp lý đối với sự xuất hiện, thay đổi hoặc chấm dứt của các quan hệ pháp luật. Việc thừa nhận hay không những sự kiện thực tế nào đó là sự kiện pháp lý, vì vậy sẽ phụ thuộc vào ý chí nhà nước và các điều kiện khách quan khác của đời sống kinh tế xã hội.",1.0,
base_vietnamese_bi_encoder,28,Hậu quả pháp lý về quyền và nghĩa vụ của các bên khi giao dịch dân sự bị vô hiệu là gì?,"Khi giao dịch dân sự vô hiệu, hậu quả pháp lý đối với các bên như sau: - Không làm phát sinh, thay đổi, chấm dứt quyền, nghĩa vụ dân sự của các bên kể từ thời điểm giao dịch được xác lập. - Các bên phải khôi phục lại tình trạng ban đầu, hoàn trả cho nhau những gì đã nhận (nếu không thể hoàn trả bằng hiện vật thì phải trị giá thành tiền). - Bên ngay tình trong việc thu hoa lợi, lợi tức không phải hoàn trả lại hoa lợi, lợi tức đó. - Bên có lỗi làm giao dịch vô hiệu gây thiệt hại cho bên kia thì phải bồi thường thiệt hại.","131 Bộ luật Dân sự, cụ thể như sau: - Giao dịch dân sự vô hiệu không làm phát sinh, thay đổi, chấm dứt quyền, nghĩa vụ dân sự của các bên kể từ thời điểm giao dịch được xác lập.... || Giao dịch dân sự vô hiệu Giao dịch dân sự vô hiệu là giao dịch vi phạm một trong các điều kiện có hiệu lực của giao dịch dân sự. Giao dịch dân sự vô hiệu có thể là vô hiệu toàn ... || Chẳng hạn, cưỡng chế trưng thu, trưng mua một số tài sản, phương tiện cần thiết cho quốc phòng, an ninh, cứu nạn... Thứ ba: Khi quyền và nghĩa vụ pháp lý của chủ thể không mặc n... || ... (+2 đoạn)","131 Bộ luật Dân sự, cụ thể như sau: - Giao dịch dân sự vô hiệu không làm phát sinh, thay đổi, chấm dứt quyền, nghĩa vụ dân sự của các bên kể từ thời điểm giao dịch được xác lập. - Khi giao dịch dân sự vô hiệu thì các bên khôi phục lại tình trạng ban đầu, hoàn trả cho nhau những gì đã nhận. Trường hợp không thể hoàn trả được bằng hiện vật thì trị giá thành tiền để hoàn trả. - Bên ngay tình trong...",1.0,
base_vietnamese_bi_encoder,29,"Theo quy định tại Khoản 2 Điều 352 Bộ luật Hình sự, người có chức vụ được định nghĩa như thế nào?","Theo Khoản 2 Điều 352 Bộ luật Hình sự năm 2015 (sửa đổi, bổ sung năm 2017), người có chức vụ là người do bổ nhiệm, do bầu cử, do hợp đồng hoặc do một hình thức khác, có hưởng lương hoặc không hưởng lương, được giao thực hiện một nhiệm vụ nhất định và có quyền hạn nhất định trong khi thực hiện công vụ, nhiệm vụ.","Các dấu hiệu pháp lý cơ bản của tham nhũng Với cách hiểu về tham nhũng như đã nêu trên và theo các quy định hiện hành của pháp luật Việt Nam, tham nhũng có những dấu hiệu đặc tr... || Khái niệm về tội phạm Khoản 1 Điều 8 Bộ luật Hình sự 2015 định nghĩa về Tội phạm như sau: “Tội phạm là hành vi nguy hiểm cho xã hội được quy định trong Bộ luật Hình sự, do người... || Nguyên tắc dân chủ Trong Luật Hình sự, nguyên tắc dân chủ có nội dung được thể hiện như sau: + Luật Hình sự bảo vệ và tôn trọng các quyền dân chủ của công dân trong tất cả các m... || ... (+2 đoạn)","Các dấu hiệu pháp lý cơ bản của tham nhũng Với cách hiểu về tham nhũng như đã nêu trên và theo các quy định hiện hành của pháp luật Việt Nam, tham nhũng có những dấu hiệu đặc trưng cơ bản sau: - Thứ nhất: chủ thể tham nhũng là người có chức vụ, quyền hạn. Khoản 2 Điều 352 Bộ luật Hình sự năm 2015 được sửa đổi, bổ sung năm 2017 đã xác định: “Người có chức vụ là người do bổ nhiệm, do bầu cử, do h...",1.0,
base_vietnamese_bi_encoder,30,Tại sao việc chuyển đổi vị trí công tác có thể gây ảnh hưởng đến chất lượng công việc của đơn vị?,"Việc chuyển đổi vị trí công tác có thể gây ảnh hưởng đến chất lượng công việc vì cần có thời gian để bàn giao, tiếp nhận và làm quen với công việc mới.","Việc chuyển đổi vị trí công tác phải theo kế hoạch và được công khai trong nội bộ cơ quan, tổ chức, đơn vị và chỉ áp dụng đối với cán bộ, công chức, viên chức không giữ chức vụ ... || * Lợi dụng chức vụ, quyền hạn gây ảnh hưởng với người khác để trục lợi: Lợi dụng chức vụ, quyền hạn gây ảnh hưởng với người khác để trục lợi là hành vi của người có chức vụ, quy... || Vì vậy, việc quy định trách nhiệm dân sự đối với các bên sẽ tạo ra một chế tài áp dụng nhằm hướng các bên trong quan hệ dân sự phải nghiêm chỉnh thực hiện nghĩa vụ dân sự của mì... || ... (+2 đoạn)","Việc chuyển đổi vị trí công tác phải theo kế hoạch và được công khai trong nội bộ cơ quan, tổ chức, đơn vị và chỉ áp dụng đối với cán bộ, công chức, viên chức không giữ chức vụ quản lý. Tuy vậy, biện pháp này chưa thực sự phát huy được hiệu quả, thậm chí ở một số đơn vị, cơ quan, tổ chức có thể tác dụng ngược. Nhiều cán bộ, công chức, viên chức vì mong muốn được chuyển đến vị trí có lợi có thể ...",1.0,
